<TextureAtlas imagePath="spritesheet-double.png">
	<SubTexture name="banner_classic_curtainimg.png" x="0" y="128" width="512" height="128"/>
	<SubTexture name="banner_hangingimg.png" x="0" y="0" width="512" height="128"/>
	<SubTexture name="banner_modernimg.png" x="0" y="256" width="512" height="96"/>
	<SubTexture name="button_brown_closeimg.png" x="192" y="1152" width="96" height="48"/>
	<SubTexture name="button_brownimg.png" x="288" y="1152" width="96" height="48"/>
	<SubTexture name="button_grey_closeimg.png" x="384" y="1152" width="96" height="48"/>
	<SubTexture name="button_greyimg.png" x="480" y="1152" width="96" height="48"/>
	<SubTexture name="button_red_closeimg.png" x="0" y="1152" width="96" height="48"/>
	<SubTexture name="button_redimg.png" x="96" y="1152" width="96" height="48"/>
	<SubTexture name="checkbox_beige_checkedimg.png" x="916" y="1152" width="48" height="48"/>
	<SubTexture name="checkbox_beige_crossimg.png" x="964" y="1152" width="48" height="48"/>
	<SubTexture name="checkbox_beige_emptyimg.png" x="628" y="1152" width="48" height="48"/>
	<SubTexture name="checkbox_brown_checkedimg.png" x="676" y="1152" width="48" height="48"/>
	<SubTexture name="checkbox_brown_crossimg.png" x="772" y="1152" width="48" height="48"/>
	<SubTexture name="checkbox_brown_emptyimg.png" x="724" y="1152" width="48" height="48"/>
	<SubTexture name="checkbox_grey_checkedimg.png" x="1012" y="1152" width="48" height="48"/>
	<SubTexture name="checkbox_grey_crossimg.png" x="820" y="1152" width="48" height="48"/>
	<SubTexture name="checkbox_grey_emptyimg.png" x="868" y="1152" width="48" height="48"/>
	<SubTexture name="hexagon_brown_darkimg.png" x="992" y="896" width="96" height="128"/>
	<SubTexture name="hexagon_brownimg.png" x="992" y="1024" width="96" height="128"/>
	<SubTexture name="hexagon_damaged_brown_darkimg.png" x="896" y="896" width="96" height="128"/>
	<SubTexture name="hexagon_damaged_brownimg.png" x="896" y="1024" width="96" height="128"/>
	<SubTexture name="hexagon_grey_darkimg.png" x="1024" y="256" width="96" height="128"/>
	<SubTexture name="hexagon_grey_greenimg.png" x="1024" y="384" width="96" height="128"/>
	<SubTexture name="hexagon_grey_redimg.png" x="1024" y="0" width="96" height="128"/>
	<SubTexture name="hexagon_greyimg.png" x="1024" y="128" width="96" height="128"/>
	<SubTexture name="minimap_arrow_aimg.png" x="128" y="1120" width="32" height="32"/>
	<SubTexture name="minimap_arrow_bimg.png" x="96" y="1120" width="32" height="32"/>
	<SubTexture name="minimap_arrow_cimg.png" x="1152" y="304" width="24" height="32"/>
	<SubTexture name="minimap_arrow_dimg.png" x="1120" y="1072" width="32" height="32"/>
	<SubTexture name="minimap_compass_future_eimg.png" x="1088" y="728" width="40" height="44"/>
	<SubTexture name="minimap_compass_future_nimg.png" x="1088" y="640" width="40" height="44"/>
	<SubTexture name="minimap_compass_future_simg.png" x="1088" y="684" width="40" height="44"/>
	<SubTexture name="minimap_compass_future_wimg.png" x="1088" y="772" width="40" height="44"/>
	<SubTexture name="minimap_compass_toon_eimg.png" x="1152" y="816" width="32" height="40"/>
	<SubTexture name="minimap_compass_toon_nimg.png" x="1060" y="1152" width="40" height="40"/>
	<SubTexture name="minimap_compass_toon_simg.png" x="1088" y="960" width="32" height="40"/>
	<SubTexture name="minimap_compass_toon_wimg.png" x="576" y="1152" width="52" height="40"/>
	<SubTexture name="minimap_icon_exclamation_redimg.png" x="1152" y="336" width="16" height="32"/>
	<SubTexture name="minimap_icon_exclamation_whiteimg.png" x="1152" y="368" width="16" height="32"/>
	<SubTexture name="minimap_icon_exclamation_yellowimg.png" x="1152" y="400" width="16" height="32"/>
	<SubTexture name="minimap_icon_jewel_redimg.png" x="480" y="1120" width="32" height="32"/>
	<SubTexture name="minimap_icon_jewel_whiteimg.png" x="0" y="1120" width="32" height="32"/>
	<SubTexture name="minimap_icon_jewel_yellowimg.png" x="416" y="1120" width="32" height="32"/>
	<SubTexture name="minimap_icon_star_redimg.png" x="1132" y="1168" width="32" height="32"/>
	<SubTexture name="minimap_icon_star_whiteimg.png" x="384" y="1120" width="32" height="32"/>
	<SubTexture name="minimap_icon_star_yellowimg.png" x="32" y="1120" width="32" height="32"/>
	<SubTexture name="minimap_ring_brown_detailimg.png" x="0" y="352" width="256" height="256"/>
	<SubTexture name="minimap_ring_brownimg.png" x="256" y="608" width="256" height="256"/>
	<SubTexture name="minimap_ring_grey_detailimg.png" x="0" y="608" width="256" height="256"/>
	<SubTexture name="minimap_ring_greyimg.png" x="0" y="864" width="256" height="256"/>
	<SubTexture name="minimap_ring_whiteimg.png" x="256" y="352" width="256" height="256"/>
	<SubTexture name="panel_border_brown_detailimg.png" x="384" y="992" width="128" height="128"/>
	<SubTexture name="panel_border_brownimg.png" x="512" y="1024" width="128" height="128"/>
	<SubTexture name="panel_border_grey_detailimg.png" x="640" y="0" width="128" height="128"/>
	<SubTexture name="panel_border_greyimg.png" x="640" y="128" width="128" height="128"/>
	<SubTexture name="panel_brown_arrows_dark_detailimg.png" x="640" y="256" width="128" height="128"/>
	<SubTexture name="panel_brown_arrows_darkimg.png" x="640" y="384" width="128" height="128"/>
	<SubTexture name="panel_brown_arrows_detailimg.png" x="640" y="512" width="128" height="128"/>
	<SubTexture name="panel_brown_arrowsimg.png" x="256" y="992" width="128" height="128"/>
	<SubTexture name="panel_brown_corners_aimg.png" x="640" y="640" width="128" height="128"/>
	<SubTexture name="panel_brown_corners_bimg.png" x="640" y="768" width="128" height="128"/>
	<SubTexture name="panel_brown_damaged_darkimg.png" x="384" y="864" width="128" height="128"/>
	<SubTexture name="panel_brown_damagedimg.png" x="896" y="768" width="128" height="128"/>
	<SubTexture name="panel_brown_dark_corners_aimg.png" x="256" y="864" width="128" height="128"/>
	<SubTexture name="panel_brown_dark_corners_bimg.png" x="640" y="1024" width="128" height="128"/>
	<SubTexture name="panel_brown_darkimg.png" x="768" y="0" width="128" height="128"/>
	<SubTexture name="panel_brownimg.png" x="768" y="128" width="128" height="128"/>
	<SubTexture name="panel_grey_blueimg.png" x="768" y="256" width="128" height="128"/>
	<SubTexture name="panel_grey_bolts_blueimg.png" x="768" y="384" width="128" height="128"/>
	<SubTexture name="panel_grey_bolts_darkimg.png" x="768" y="512" width="128" height="128"/>
	<SubTexture name="panel_grey_bolts_detail_aimg.png" x="768" y="640" width="128" height="128"/>
	<SubTexture name="panel_grey_bolts_detail_bimg.png" x="768" y="768" width="128" height="128"/>
	<SubTexture name="panel_grey_bolts_greenimg.png" x="768" y="896" width="128" height="128"/>
	<SubTexture name="panel_grey_bolts_redimg.png" x="768" y="1024" width="128" height="128"/>
	<SubTexture name="panel_grey_boltsimg.png" x="896" y="0" width="128" height="128"/>
	<SubTexture name="panel_grey_darkimg.png" x="896" y="128" width="128" height="128"/>
	<SubTexture name="panel_grey_greenimg.png" x="896" y="256" width="128" height="128"/>
	<SubTexture name="panel_grey_redimg.png" x="896" y="384" width="128" height="128"/>
	<SubTexture name="panel_greyimg.png" x="896" y="512" width="128" height="128"/>
	<SubTexture name="panel_grid_blueprintimg.png" x="896" y="640" width="128" height="128"/>
	<SubTexture name="panel_grid_paperimg.png" x="640" y="896" width="128" height="128"/>
	<SubTexture name="pattern_diagonal_grey_largeimg.png" x="1088" y="576" width="64" height="64"/>
	<SubTexture name="pattern_diagonal_grey_smallimg.png" x="1088" y="512" width="64" height="64"/>
	<SubTexture name="pattern_diagonal_red_largeimg.png" x="1024" y="832" width="64" height="64"/>
	<SubTexture name="pattern_diagonal_red_smallimg.png" x="1024" y="768" width="64" height="64"/>
	<SubTexture name="pattern_diagonal_transparent_largeimg.png" x="1024" y="704" width="64" height="64"/>
	<SubTexture name="pattern_diagonal_transparent_smallimg.png" x="1024" y="640" width="64" height="64"/>
	<SubTexture name="pattern_grid_blueprintimg.png" x="1024" y="576" width="64" height="64"/>
	<SubTexture name="pattern_grid_paperimg.png" x="1024" y="512" width="64" height="64"/>
	<SubTexture name="progress_blue_borderimg.png" x="1120" y="384" width="32" height="64"/>
	<SubTexture name="progress_blue_small_borderimg.png" x="256" y="1120" width="32" height="32"/>
	<SubTexture name="progress_blue_smallimg.png" x="224" y="1120" width="32" height="32"/>
	<SubTexture name="progress_blueimg.png" x="1120" y="320" width="32" height="64"/>
	<SubTexture name="progress_green_borderimg.png" x="1120" y="256" width="32" height="64"/>
	<SubTexture name="progress_green_small_borderimg.png" x="192" y="1120" width="32" height="32"/>
	<SubTexture name="progress_green_smallimg.png" x="160" y="1120" width="32" height="32"/>
	<SubTexture name="progress_greenimg.png" x="1120" y="192" width="32" height="64"/>
	<SubTexture name="progress_red_borderimg.png" x="1120" y="128" width="32" height="64"/>
	<SubTexture name="progress_red_small_borderimg.png" x="64" y="1120" width="32" height="32"/>
	<SubTexture name="progress_red_smallimg.png" x="448" y="1120" width="32" height="32"/>
	<SubTexture name="progress_redimg.png" x="1132" y="1104" width="32" height="64"/>
	<SubTexture name="progress_transparent_smallimg.png" x="352" y="1120" width="32" height="32"/>
	<SubTexture name="progress_transparentimg.png" x="1128" y="704" width="32" height="64"/>
	<SubTexture name="progress_white_borderimg.png" x="1128" y="640" width="32" height="64"/>
	<SubTexture name="progress_white_small_borderimg.png" x="320" y="1120" width="32" height="32"/>
	<SubTexture name="progress_white_smallimg.png" x="288" y="1120" width="32" height="32"/>
	<SubTexture name="progress_whiteimg.png" x="1120" y="448" width="32" height="64"/>
	<SubTexture name="round_brown_darkimg.png" x="512" y="896" width="128" height="128"/>
	<SubTexture name="round_brownimg.png" x="512" y="768" width="128" height="128"/>
	<SubTexture name="round_damaged_brown_darkimg.png" x="512" y="640" width="128" height="128"/>
	<SubTexture name="round_damaged_brownimg.png" x="512" y="512" width="128" height="128"/>
	<SubTexture name="round_grey_darkimg.png" x="512" y="384" width="128" height="128"/>
	<SubTexture name="round_grey_detailed_greenimg.png" x="512" y="256" width="128" height="128"/>
	<SubTexture name="round_grey_detailed_redimg.png" x="512" y="128" width="128" height="128"/>
	<SubTexture name="round_greyimg.png" x="512" y="0" width="128" height="128"/>
	<SubTexture name="scrollbar_brown_smallimg.png" x="1100" y="1128" width="32" height="48"/>
	<SubTexture name="scrollbar_brownimg.png" x="1120" y="944" width="32" height="128"/>
	<SubTexture name="scrollbar_future_grey_smallimg.png" x="1128" y="768" width="32" height="48"/>
	<SubTexture name="scrollbar_future_greyimg.png" x="1152" y="0" width="32" height="128"/>
	<SubTexture name="scrollbar_future_red_smallimg.png" x="1088" y="864" width="32" height="48"/>
	<SubTexture name="scrollbar_future_redimg.png" x="1088" y="1000" width="32" height="128"/>
	<SubTexture name="scrollbar_future_transparent_smallimg.png" x="1088" y="912" width="32" height="48"/>
	<SubTexture name="scrollbar_future_transparentimg.png" x="1120" y="0" width="32" height="128"/>
	<SubTexture name="scrollbar_grey_smallimg.png" x="1088" y="816" width="32" height="48"/>
	<SubTexture name="scrollbar_greyimg.png" x="1120" y="816" width="32" height="128"/>
	<SubTexture name="scrollbar_transparent_smallimg.png" x="1152" y="128" width="32" height="48"/>
	<SubTexture name="scrollbar_transparentimg.png" x="1152" y="176" width="32" height="128"/>
</TextureAtlas>